,user_id,name,password
0,72355,Donovyn,password
1,98827,Wayman,password
2,19512,Maurice,password
3,87390,Cheri,password
4,192023,Wendell,password
5,125374,Shreya,password
6,146707,Dona,password
7,126537,Jess,password
8,60206,Rene,password
9,114743,Vernon,password
10,205608,Maryjean,password
11,185436,Megan,password
12,30037,Amy,password
13,101927,Shontia,password
14,76323,Laureen,password
15,160228,Tyrese,password
16,42991,Bonny,password
17,199002,Vickey,password
18,140870,Gertrude,password
19,148199,Doyle,password
20,88426,Ashtyn,password
